state,country,population,lat,lon
Maharashtra,India,126000000,19.7,75.7
Karnataka,India,68000000,15.3,75.7
Tamil Nadu,India,78000000,11.1,78.7
Kerala,India,35000000,10.9,76.3
Telangana,India,38000000,18.1,79.0
Andhra Pradesh,India,54000000,15.9,79.7
Gujarat,India,71000000,22.3,71.2
Rajasthan,India,81000000,27.0,74.2
Madhya Pradesh,India,85000000,22.9,78.7
Uttar Pradesh,India,237000000,26.8,80.9
Bihar,India,130000000,25.1,85.3
West Bengal,India,100000000,22.9,87.9
Odisha,India,46000000,20.9,84.0
Punjab,India,31000000,31.1,75.3
Haryana,India,29000000,29.1,76.1
Delhi,India,21000000,28.7,77.1
Assam,India,35000000,26.2,92.9
Jharkhand,India,39000000,23.6,85.3
Chhattisgarh,India,30000000,21.3,81.9
Goa,India,1600000,15.3,74.1
